Topic_num,Num_docs,Proportion
0,28359,0.13994354687484578
1,25573,0.1261954344028503
2,16691,0.0823653069885416
7,15796,0.07794873819369738
4,14714,0.07260937792998629
3,14189,0.07001865321792683
5,13483,0.06653474531942402
6,12447,0.0614223818876267
8,9365,0.046213594149403396
10,9338,0.04608035687849748
13,9307,0.04592738075264254
12,9131,0.045058871134885464
14,8486,0.04187598077435528
9,8074,0.03984287871460577
11,7693,0.03796275278071119
