Topic_num,Num_docs,Proportion
0,33299,0.16437943665031052
2,21810,0.10766435969077967
1,18944,0.09351644337377946
3,17015,0.08399399725532398
4,16211,0.0800250772557189
8,12821,0.06329045188424971
9,12168,0.060066938501485874
6,11281,0.055688291686001166
5,10857,0.05359522939765222
7,9963,0.0491820273085391
10,9570,0.04724199551768736
11,9312,0.04596838686109767
12,7546,0.03725058497141785
14,6396,0.03157364716103745
13,5381,0.02656313248491909
