Topic_num,Num_docs,Proportion
0,29039,0.14335928436372253
2,24763,0.12224959394947695
1,17709,0.08742551626423645
3,15079,0.07444177309551198
4,14414,0.07115881141976985
7,13285,0.06558518174772043
8,11923,0.05886128129304259
12,11727,0.05789367153598175
9,11439,0.056471877607239304
5,10331,0.0510019204091607
6,9857,0.04866188456810541
14,9310,0.04596146346038971
11,8464,0.041784943794708755
10,8217,0.04056555802943311
13,7004,0.03457723846150049
