Topic_num,Num_docs,Proportion
0,38583,0.1904985261952137
1,20961,0.10349220142492482
3,17749,0.08763337069276231
2,17081,0.08433520788794147
4,13792,0.06809619970672025
5,11587,0.05720930002913048
7,10370,0.05120052138621585
9,10341,0.051057337671635304
6,10131,0.05002049008329342
10,9860,0.04868246295738556
8,9697,0.04787767173405353
11,8996,0.04441657573677896
12,8578,0.042352755299031784
14,7659,0.037815312757668966
13,7152,0.035312066437243564
